Depositor Agent,1,563,16533,2024-09-22 22:12:44
Withdrawal Agent,2,91,16536,2024-09-22 22:12:44
Withdrawal Agent,9,99,12793,2024-09-22 22:12:44
Depositor Agent,0,577,16700,2024-09-22 22:12:44
Depositor Agent,3,456,16539,2024-09-22 22:12:44
Depositor Agent,2,476,16706,2024-09-22 22:12:44
Withdrawal Agent,6,95,16542,2024-09-22 22:12:44
Withdrawal Agent,4,92,29447,2024-09-22 22:12:44
Withdrawal Agent,1,91,10544,2024-09-22 22:12:45
Withdrawal Agent,0,98,16546,2024-09-22 22:12:45
Withdrawal Agent,3,99,12805,2024-09-22 22:12:45
Depositor Agent,0,557,17013,2024-09-22 22:12:45
Depositor Agent,4,530,12807,2024-09-22 22:12:45
Withdrawal Agent,7,98,17014,2024-09-22 22:12:45
Withdrawal Agent,9,96,17015,2024-09-22 22:12:45
Withdrawal Agent,8,93,29452,2024-09-22 22:12:45
Withdrawal Agent,3,95,12810,2024-09-22 22:12:45
Withdrawal Agent,1,94,12814,2024-09-22 22:12:45
Withdrawal Agent,5,93,29457,2024-09-22 22:12:45
Withdrawal Agent,1,98,16557,2024-09-22 22:12:45
Depositor Agent,2,501,29465,2024-09-22 22:12:45
Depositor Agent,0,503,10560,2024-09-22 22:12:45
Depositor Agent,4,554,17024,2024-09-22 22:12:45
Depositor Agent,1,586,29472,2024-09-22 22:12:45
Depositor Agent,0,600,16733,2024-09-22 22:12:45
Withdrawal Agent,0,99,29478,2024-09-22 22:12:45
Depositor Agent,4,551,17030,2024-09-22 22:12:45
Depositor Agent,0,575,10575,2024-09-22 22:12:45
Withdrawal Agent,2,97,12834,2024-09-22 22:12:45
Withdrawal Agent,8,93,17039,2024-09-22 22:12:45
Withdrawal Agent,2,91,29481,2024-09-22 22:12:45
Depositor Agent,4,573,16747,2024-09-22 22:12:45
Depositor Agent,4,516,10578,2024-09-22 22:12:45
Withdrawal Agent,8,99,12841,2024-09-22 22:12:45
Depositor Agent,1,544,16580,2024-09-22 22:12:45
Depositor Agent,3,479,12844,2024-09-22 22:12:45
Withdrawal Agent,9,97,16757,2024-09-22 22:12:45
Depositor Agent,1,457,10584,2024-09-22 22:12:45
Withdrawal Agent,7,93,17045,2024-09-22 22:12:45
Depositor Agent,3,489,17046,2024-09-22 22:12:45
Withdrawal Agent,0,98,29492,2024-09-22 22:12:45
Withdrawal Agent,7,95,12850,2024-09-22 22:12:45
Depositor Agent,3,458,17049,2024-09-22 22:12:45
Depositor Agent,3,561,16592,2024-09-22 22:12:45
Depositor Agent,1,505,10595,2024-09-22 22:12:45
Withdrawal Agent,1,96,17055,2024-09-22 22:12:45
Withdrawal Agent,8,91,17056,2024-09-22 22:12:45
Withdrawal Agent,1,95,10599,2024-09-22 22:12:45
Withdrawal Agent,4,91,17058,2024-09-22 22:12:45
Depositor Agent,2,477,17060,2024-09-22 22:12:45
Depositor Agent,0,485,29503,2024-09-22 22:12:45
Withdrawal Agent,5,97,10606,2024-09-22 22:12:45
Depositor Agent,0,457,12869,2024-09-22 22:12:45
Withdrawal Agent,6,91,16609,2024-09-22 22:12:45
Withdrawal Agent,1,92,29506,2024-09-22 22:12:45
Withdrawal Agent,5,92,16614,2024-09-22 22:12:45
Depositor Agent,2,562,16781,2024-09-22 22:12:45
Depositor Agent,0,478,12877,2024-09-22 22:12:45
Depositor Agent,2,495,16782,2024-09-22 22:12:45
Withdrawal Agent,4,94,12878,2024-09-22 22:12:45
Depositor Agent,3,538,12879,2024-09-22 22:12:45
Withdrawal Agent,9,97,10621,2024-09-22 22:12:45
Depositor Agent,0,475,16625,2024-09-22 22:12:45
Withdrawal Agent,3,96,16791,2024-09-22 22:12:45
Depositor Agent,3,527,29525,2024-09-22 22:12:45
Depositor Agent,2,563,29527,2024-09-22 22:12:45
Withdrawal Agent,1,96,10626,2024-09-22 22:12:45
Depositor Agent,2,600,16630,2024-09-22 22:12:45
Depositor Agent,4,542,12889,2024-09-22 22:12:45
Withdrawal Agent,1,97,17085,2024-09-22 22:12:45
Withdrawal Agent,2,97,12890,2024-09-22 22:12:45
Withdrawal Agent,4,99,10630,2024-09-22 22:12:45
Depositor Agent,2,527,12891,2024-09-22 22:12:45
Withdrawal Agent,6,97,12894,2024-09-22 22:12:45
Withdrawal Agent,3,93,29534,2024-09-22 22:12:45
Depositor Agent,2,534,10640,2024-09-22 22:12:46
Withdrawal Agent,2,93,29541,2024-09-22 22:12:46
Depositor Agent,2,572,29542,2024-09-22 22:12:46
Withdrawal Agent,7,97,10643,2024-09-22 22:12:46
Depositor Agent,4,494,29543,2024-09-22 22:12:46
Depositor Agent,3,474,16639,2024-09-22 22:12:46
Withdrawal Agent,5,98,12911,2024-09-22 22:12:46
Depositor Agent,0,552,16814,2024-09-22 22:12:46
Depositor Agent,4,453,10648,2024-09-22 22:12:46
Depositor Agent,3,538,12915,2024-09-22 22:12:46
Depositor Agent,2,476,10649,2024-09-22 22:12:46
Withdrawal Agent,5,91,16648,2024-09-22 22:12:46
Withdrawal Agent,7,96,16650,2024-09-22 22:12:46
Depositor Agent,0,468,16651,2024-09-22 22:12:46
Depositor Agent,0,555,29553,2024-09-22 22:12:46
Depositor Agent,0,583,10657,2024-09-22 22:12:46
Withdrawal Agent,4,91,17114,2024-09-22 22:12:46
Depositor Agent,3,507,17115,2024-09-22 22:12:46
Withdrawal Agent,8,93,17117,2024-09-22 22:12:46
Withdrawal Agent,9,95,10661,2024-09-22 22:12:46
Depositor Agent,3,579,10663,2024-09-22 22:12:46
Withdrawal Agent,7,95,29564,2024-09-22 22:12:46
Depositor Agent,4,501,12930,2024-09-22 22:12:46
Depositor Agent,2,600,16828,2024-09-22 22:12:46
Depositor Agent,3,480,29566,2024-09-22 22:12:46
Depositor Agent,3,540,10674,2024-09-22 22:12:46
Depositor Agent,2,545,16838,2024-09-22 22:12:46
Withdrawal Agent,8,92,10679,2024-09-22 22:12:46
Depositor Agent,1,494,16677,2024-09-22 22:12:46
Depositor Agent,2,598,17135,2024-09-22 22:12:46
Depositor Agent,0,486,10682,2024-09-22 22:12:46
Withdrawal Agent,4,91,29578,2024-09-22 22:12:46
Withdrawal Agent,2,99,12948,2024-09-22 22:12:46
Withdrawal Agent,1,97,10685,2024-09-22 22:12:46
Depositor Agent,2,534,12953,2024-09-22 22:12:46
Withdrawal Agent,5,93,17142,2024-09-22 22:12:46
Depositor Agent,0,600,29588,2024-09-22 22:12:46
Depositor Agent,0,456,10694,2024-09-22 22:12:46
Depositor Agent,3,535,17149,2024-09-22 22:12:46
Withdrawal Agent,2,99,10696,2024-09-22 22:12:46
Depositor Agent,1,595,16857,2024-09-22 22:12:46
Depositor Agent,3,527,10702,2024-09-22 22:12:46
Depositor Agent,3,539,10707,2024-09-22 22:12:46
Withdrawal Agent,1,98,16867,2024-09-22 22:12:46
Withdrawal Agent,2,98,16708,2024-09-22 22:12:46
Depositor Agent,3,545,16872,2024-09-22 22:12:46
Depositor Agent,3,574,17164,2024-09-22 22:12:46
Depositor Agent,3,462,10714,2024-09-22 22:12:46
Depositor Agent,1,574,17168,2024-09-22 22:12:46
Withdrawal Agent,6,93,16713,2024-09-22 22:12:46
Withdrawal Agent,4,99,16716,2024-09-22 22:12:46
Withdrawal Agent,1,91,17171,2024-09-22 22:12:46
Depositor Agent,0,512,17172,2024-09-22 22:12:46
Depositor Agent,3,463,16881,2024-09-22 22:12:46
Depositor Agent,0,552,12985,2024-09-22 22:12:46
Withdrawal Agent,9,94,10730,2024-09-22 22:12:46
Withdrawal Agent,9,99,17181,2024-09-22 22:12:46
Withdrawal Agent,4,93,16890,2024-09-22 22:12:47
Withdrawal Agent,0,96,10734,2024-09-22 22:12:47
Withdrawal Agent,8,95,12989,2024-09-22 22:12:47
Withdrawal Agent,3,93,16900,2024-09-22 22:12:47
Depositor Agent,3,521,16728,2024-09-22 22:12:47
Depositor Agent,4,588,16904,2024-09-22 22:12:47
Depositor Agent,4,578,29633,2024-09-22 22:12:47
Withdrawal Agent,4,97,17192,2024-09-22 22:12:47
Depositor Agent,0,535,16746,2024-09-22 22:12:47
Depositor Agent,4,551,16916,2024-09-22 22:12:47
Depositor Agent,4,575,17198,2024-09-22 22:12:47
Depositor Agent,3,461,13009,2024-09-22 22:12:47
Depositor Agent,1,489,29645,2024-09-22 22:12:47
Withdrawal Agent,5,96,13010,2024-09-22 22:12:47
Depositor Agent,4,506,29647,2024-09-22 22:12:47
Depositor Agent,4,571,16924,2024-09-22 22:12:47
Depositor Agent,2,557,29654,2024-09-22 22:12:47
Withdrawal Agent,1,98,29655,2024-09-22 22:12:47
Withdrawal Agent,5,91,13017,2024-09-22 22:12:47
Depositor Agent,1,551,17209,2024-09-22 22:12:47
Depositor Agent,4,510,13019,2024-09-22 22:12:47
Depositor Agent,0,455,16930,2024-09-22 22:12:47
Depositor Agent,3,580,17212,2024-09-22 22:12:47
Withdrawal Agent,6,99,16760,2024-09-22 22:12:47
Depositor Agent,1,480,17221,2024-09-22 22:12:47
Depositor Agent,3,500,16766,2024-09-22 22:12:47
Depositor Agent,0,498,13024,2024-09-22 22:12:47
Depositor Agent,2,552,10774,2024-09-22 22:12:47
Withdrawal Agent,9,98,10775,2024-09-22 22:12:47
Depositor Agent,3,576,13026,2024-09-22 22:12:47
Withdrawal Agent,1,92,16941,2024-09-22 22:12:47
Withdrawal Agent,3,95,16768,2024-09-22 22:12:47
Depositor Agent,0,577,16945,2024-09-22 22:12:47
Depositor Agent,2,503,16770,2024-09-22 22:12:47
Withdrawal Agent,2,99,10781,2024-09-22 22:12:47
Withdrawal Agent,6,95,10782,2024-09-22 22:12:47
Withdrawal Agent,3,93,16947,2024-09-22 22:12:47
Withdrawal Agent,0,94,17232,2024-09-22 22:12:47
Depositor Agent,2,484,29683,2024-09-22 22:12:47
Depositor Agent,0,461,16782,2024-09-22 22:12:47
Withdrawal Agent,0,98,16783,2024-09-22 22:12:47
Withdrawal Agent,7,98,16955,2024-09-22 22:12:47
Withdrawal Agent,3,99,16788,2024-09-22 22:12:47
Withdrawal Agent,1,91,13046,2024-09-22 22:12:47
Withdrawal Agent,6,98,13047,2024-09-22 22:12:47
Depositor Agent,2,488,13051,2024-09-22 22:12:47
Withdrawal Agent,4,94,16961,2024-09-22 22:12:47
Withdrawal Agent,5,97,16792,2024-09-22 22:12:47
Withdrawal Agent,0,97,13053,2024-09-22 22:12:47
Depositor Agent,1,591,10797,2024-09-22 22:12:47
Depositor Agent,3,544,10798,2024-09-22 22:12:47
Depositor Agent,0,547,13056,2024-09-22 22:12:47
Withdrawal Agent,5,94,17252,2024-09-22 22:12:47
Withdrawal Agent,8,98,10808,2024-09-22 22:12:47
Withdrawal Agent,3,97,29703,2024-09-22 22:12:47
Withdrawal Agent,2,96,16807,2024-09-22 22:12:47
Depositor Agent,0,476,13067,2024-09-22 22:12:47
Withdrawal Agent,9,94,17266,2024-09-22 22:12:47
Withdrawal Agent,1,96,10814,2024-09-22 22:12:47
Depositor Agent,0,507,16986,2024-09-22 22:12:47
Withdrawal Agent,0,97,10818,2024-09-22 22:12:47
Withdrawal Agent,4,94,10819,2024-09-22 22:12:47
Depositor Agent,3,521,16815,2024-09-22 22:12:47
Withdrawal Agent,4,96,16989,2024-09-22 22:12:47
Depositor Agent,1,547,16822,2024-09-22 22:12:48
Withdrawal Agent,0,96,16997,2024-09-22 22:12:48
Depositor Agent,3,471,13076,2024-09-22 22:12:48
Withdrawal Agent,1,96,17002,2024-09-22 22:12:48
Withdrawal Agent,2,93,29723,2024-09-22 22:12:48
Withdrawal Agent,9,91,16825,2024-09-22 22:12:48
Depositor Agent,2,585,17006,2024-09-22 22:12:48
Depositor Agent,4,491,29725,2024-09-22 22:12:48
Depositor Agent,2,567,29729,2024-09-22 22:12:48
Depositor Agent,1,589,17009,2024-09-22 22:12:48
Depositor Agent,3,483,10832,2024-09-22 22:12:48
Depositor Agent,2,569,16832,2024-09-22 22:12:48
Withdrawal Agent,3,97,29732,2024-09-22 22:12:48
Depositor Agent,2,507,17286,2024-09-22 22:12:48
Withdrawal Agent,2,93,17287,2024-09-22 22:12:48
Depositor Agent,2,477,10835,2024-09-22 22:12:48
Withdrawal Agent,4,96,16837,2024-09-22 22:12:48
Withdrawal Agent,2,91,13089,2024-09-22 22:12:48
Depositor Agent,3,500,10840,2024-09-22 22:12:48
Withdrawal Agent,6,94,29738,2024-09-22 22:12:48
Withdrawal Agent,2,91,16838,2024-09-22 22:12:48
Withdrawal Agent,1,91,17299,2024-09-22 22:12:48
Withdrawal Agent,6,95,17022,2024-09-22 22:12:48
Withdrawal Agent,8,95,17302,2024-09-22 22:12:48
Withdrawal Agent,7,94,29748,2024-09-22 22:12:48
Withdrawal Agent,6,95,13100,2024-09-22 22:12:48
Depositor Agent,3,549,29749,2024-09-22 22:12:48
Withdrawal Agent,8,91,13102,2024-09-22 22:12:48
Depositor Agent,2,554,13104,2024-09-22 22:12:48
Withdrawal Agent,9,92,13107,2024-09-22 22:12:48
Depositor Agent,0,513,29750,2024-09-22 22:12:48
Withdrawal Agent,9,96,17032,2024-09-22 22:12:48
Withdrawal Agent,2,96,17310,2024-09-22 22:12:48
Depositor Agent,1,508,29753,2024-09-22 22:12:48
Withdrawal Agent,3,91,16860,2024-09-22 22:12:48
Withdrawal Agent,5,91,13114,2024-09-22 22:12:48
Withdrawal Agent,6,93,17313,2024-09-22 22:12:48
Withdrawal Agent,1,98,29758,2024-09-22 22:12:48
Depositor Agent,2,458,17319,2024-09-22 22:12:48
Withdrawal Agent,1,93,29765,2024-09-22 22:12:48
Withdrawal Agent,6,93,17327,2024-09-22 22:12:48
Depositor Agent,1,569,10870,2024-09-22 22:12:48
Depositor Agent,2,479,17048,2024-09-22 22:12:48
Withdrawal Agent,6,94,17329,2024-09-22 22:12:48
Withdrawal Agent,5,98,13131,2024-09-22 22:12:48
Withdrawal Agent,4,93,29770,2024-09-22 22:12:48
Depositor Agent,3,476,10873,2024-09-22 22:12:48
Withdrawal Agent,4,92,17330,2024-09-22 22:12:48
Withdrawal Agent,5,99,10876,2024-09-22 22:12:48
Withdrawal Agent,1,96,16875,2024-09-22 22:12:48
Withdrawal Agent,0,95,16876,2024-09-22 22:12:48
Withdrawal Agent,3,95,29773,2024-09-22 22:12:48
Withdrawal Agent,0,99,13137,2024-09-22 22:12:48
Withdrawal Agent,2,97,16883,2024-09-22 22:12:48
Depositor Agent,3,483,29778,2024-09-22 22:12:48
Depositor Agent,0,540,17341,2024-09-22 22:12:48
Depositor Agent,2,530,10881,2024-09-22 22:12:48
Withdrawal Agent,9,94,29779,2024-09-22 22:12:48
Depositor Agent,2,456,17068,2024-09-22 22:12:48
Depositor Agent,1,467,10883,2024-09-22 22:12:48
Depositor Agent,2,563,16892,2024-09-22 22:12:48
Depositor Agent,0,510,16894,2024-09-22 22:12:48
Withdrawal Agent,5,92,17345,2024-09-22 22:12:48
Withdrawal Agent,9,95,16895,2024-09-22 22:12:48
Depositor Agent,4,517,17347,2024-09-22 22:12:48
Withdrawal Agent,3,92,17348,2024-09-22 22:12:48
Withdrawal Agent,1,92,17074,2024-09-22 22:12:48
Depositor Agent,1,547,17351,2024-09-22 22:12:48
Withdrawal Agent,8,93,29788,2024-09-22 22:12:48
Withdrawal Agent,2,95,16899,2024-09-22 22:12:48
Depositor Agent,3,460,17352,2024-09-22 22:12:48
Depositor Agent,4,519,17079,2024-09-22 22:12:48
Depositor Agent,4,470,29793,2024-09-22 22:12:48
Withdrawal Agent,3,91,10898,2024-09-22 22:12:48
Withdrawal Agent,4,92,17358,2024-09-22 22:12:48
Withdrawal Agent,1,91,17080,2024-09-22 22:12:48
Withdrawal Agent,3,97,29796,2024-09-22 22:12:48
Depositor Agent,3,553,13158,2024-09-22 22:12:48
Depositor Agent,2,580,17363,2024-09-22 22:12:48
Withdrawal Agent,8,96,13163,2024-09-22 22:12:48
Withdrawal Agent,5,93,16914,2024-09-22 22:12:49
Withdrawal Agent,6,96,10918,2024-09-22 22:12:49
Withdrawal Agent,1,94,16916,2024-09-22 22:12:49
Depositor Agent,3,593,17093,2024-09-22 22:12:49
Withdrawal Agent,6,98,29811,2024-09-22 22:12:49
Withdrawal Agent,3,98,16917,2024-09-22 22:12:49
Withdrawal Agent,5,98,16923,2024-09-22 22:12:49
Withdrawal Agent,5,97,17096,2024-09-22 22:12:49
Withdrawal Agent,7,95,17373,2024-09-22 22:12:49
Withdrawal Agent,3,94,16925,2024-09-22 22:12:49
Withdrawal Agent,4,92,29820,2024-09-22 22:12:49
Depositor Agent,4,556,17108,2024-09-22 22:12:49
Depositor Agent,2,479,17112,2024-09-22 22:12:49
Depositor Agent,4,567,17383,2024-09-22 22:12:49
Depositor Agent,0,538,16936,2024-09-22 22:12:49
Withdrawal Agent,9,94,13191,2024-09-22 22:12:49
Depositor Agent,0,563,29831,2024-09-22 22:12:49
Withdrawal Agent,9,91,17121,2024-09-22 22:12:49
Withdrawal Agent,3,97,16943,2024-09-22 22:12:49
Withdrawal Agent,8,94,17392,2024-09-22 22:12:49
Withdrawal Agent,6,95,17126,2024-09-22 22:12:49
Depositor Agent,4,534,17397,2024-09-22 22:12:49
Withdrawal Agent,0,96,17128,2024-09-22 22:12:49
Depositor Agent,1,561,16951,2024-09-22 22:12:49
Withdrawal Agent,7,92,29839,2024-09-22 22:12:49
Withdrawal Agent,7,93,17398,2024-09-22 22:12:49
Withdrawal Agent,5,94,10954,2024-09-22 22:12:49
Withdrawal Agent,9,95,29851,2024-09-22 22:12:49
Withdrawal Agent,9,95,17145,2024-09-22 22:12:49
Withdrawal Agent,6,97,16964,2024-09-22 22:12:49
Depositor Agent,1,576,13216,2024-09-22 22:12:49
Depositor Agent,0,585,17417,2024-09-22 22:12:49
Withdrawal Agent,6,99,17419,2024-09-22 22:12:49
Withdrawal Agent,3,93,29863,2024-09-22 22:12:49
Withdrawal Agent,5,93,17424,2024-09-22 22:12:49
Depositor Agent,4,497,17162,2024-09-22 22:12:49
Withdrawal Agent,2,93,10979,2024-09-22 22:12:49
Withdrawal Agent,6,92,13232,2024-09-22 22:12:49
Withdrawal Agent,1,92,16979,2024-09-22 22:12:49
Withdrawal Agent,7,94,17429,2024-09-22 22:12:49
Withdrawal Agent,8,97,10985,2024-09-22 22:12:49
Withdrawal Agent,2,94,13237,2024-09-22 22:12:49
Depositor Agent,2,476,16988,2024-09-22 22:12:49
Depositor Agent,2,514,13240,2024-09-22 22:12:49
Depositor Agent,0,459,17444,2024-09-22 22:12:49
Depositor Agent,1,512,13244,2024-09-22 22:12:49
Withdrawal Agent,7,91,10993,2024-09-22 22:12:49
Withdrawal Agent,9,93,29885,2024-09-22 22:12:49
Withdrawal Agent,3,98,13248,2024-09-22 22:12:49
Depositor Agent,0,540,17183,2024-09-22 22:12:49
Withdrawal Agent,2,95,16998,2024-09-22 22:12:49
Depositor Agent,2,588,10995,2024-09-22 22:12:49
Withdrawal Agent,2,94,13253,2024-09-22 22:12:49
Depositor Agent,2,591,29891,2024-09-22 22:12:50
Withdrawal Agent,1,91,13259,2024-09-22 22:12:50
Withdrawal Agent,2,91,10998,2024-09-22 22:12:50
Withdrawal Agent,7,92,17188,2024-09-22 22:12:50
Depositor Agent,1,509,29896,2024-09-22 22:12:50
Depositor Agent,1,569,17009,2024-09-22 22:12:50
Depositor Agent,3,570,17010,2024-09-22 22:12:50
Withdrawal Agent,8,95,17191,2024-09-22 22:12:50
Withdrawal Agent,6,97,17462,2024-09-22 22:12:50
Withdrawal Agent,0,95,13267,2024-09-22 22:12:50
Withdrawal Agent,8,95,11001,2024-09-22 22:12:50
Withdrawal Agent,1,98,17196,2024-09-22 22:12:50
Withdrawal Agent,1,98,29899,2024-09-22 22:12:50
Withdrawal Agent,4,93,13268,2024-09-22 22:12:50
Depositor Agent,2,469,17015,2024-09-22 22:12:50
Withdrawal Agent,3,96,17018,2024-09-22 22:12:50
Depositor Agent,3,562,17200,2024-09-22 22:12:50
Withdrawal Agent,8,91,17019,2024-09-22 22:12:50
Withdrawal Agent,7,98,11007,2024-09-22 22:12:50
Depositor Agent,4,514,17471,2024-09-22 22:12:50
Depositor Agent,3,583,17022,2024-09-22 22:12:50
Depositor Agent,4,534,11011,2024-09-22 22:12:50
Withdrawal Agent,3,97,29902,2024-09-22 22:12:50
Withdrawal Agent,6,97,17026,2024-09-22 22:12:50
Withdrawal Agent,2,94,17474,2024-09-22 22:12:50
Depositor Agent,0,474,29910,2024-09-22 22:12:50
Depositor Agent,3,465,13280,2024-09-22 22:12:50
Withdrawal Agent,3,98,13281,2024-09-22 22:12:50
Withdrawal Agent,1,99,11019,2024-09-22 22:12:50
Depositor Agent,0,584,11020,2024-09-22 22:12:50
Withdrawal Agent,9,93,17213,2024-09-22 22:12:50
Depositor Agent,0,547,17489,2024-09-22 22:12:50
Withdrawal Agent,3,98,11028,2024-09-22 22:12:50
Withdrawal Agent,0,91,17490,2024-09-22 22:12:50
Withdrawal Agent,0,99,17044,2024-09-22 22:12:50
Depositor Agent,2,505,11031,2024-09-22 22:12:50
Depositor Agent,2,585,17045,2024-09-22 22:12:50
Withdrawal Agent,5,99,11032,2024-09-22 22:12:50
Withdrawal Agent,8,91,17220,2024-09-22 22:12:50
Depositor Agent,2,559,17221,2024-09-22 22:12:50
Depositor Agent,4,475,11034,2024-09-22 22:12:50
Depositor Agent,4,558,13293,2024-09-22 22:12:50
Withdrawal Agent,8,95,17224,2024-09-22 22:12:50
Withdrawal Agent,6,97,13298,2024-09-22 22:12:50
Depositor Agent,3,559,17227,2024-09-22 22:12:50
Depositor Agent,0,487,29934,2024-09-22 22:12:50
Withdrawal Agent,8,96,11035,2024-09-22 22:12:50
Depositor Agent,2,507,17055,2024-09-22 22:12:50
Depositor Agent,3,548,17497,2024-09-22 22:12:50
Depositor Agent,1,512,13301,2024-09-22 22:12:50
Withdrawal Agent,8,93,11036,2024-09-22 22:12:50
Depositor Agent,0,528,17231,2024-09-22 22:12:50
Depositor Agent,0,578,17058,2024-09-22 22:12:50
Withdrawal Agent,1,98,11039,2024-09-22 22:12:50
Depositor Agent,4,539,17060,2024-09-22 22:12:50
Depositor Agent,0,586,11042,2024-09-22 22:12:50
Withdrawal Agent,4,98,11044,2024-09-22 22:12:50
Withdrawal Agent,8,94,17065,2024-09-22 22:12:50
Withdrawal Agent,4,92,29943,2024-09-22 22:12:50
Depositor Agent,0,594,29945,2024-09-22 22:12:50
Depositor Agent,0,587,13310,2024-09-22 22:12:50
Depositor Agent,4,451,17074,2024-09-22 22:12:50
Depositor Agent,4,507,29948,2024-09-22 22:12:50
Depositor Agent,0,488,17245,2024-09-22 22:12:50
Withdrawal Agent,7,98,17246,2024-09-22 22:12:50
Depositor Agent,1,489,17075,2024-09-22 22:12:50
Withdrawal Agent,6,93,17078,2024-09-22 22:12:50
Depositor Agent,3,565,29950,2024-09-22 22:12:50
Depositor Agent,0,508,17518,2024-09-22 22:12:50
Withdrawal Agent,9,97,29952,2024-09-22 22:12:50
Depositor Agent,2,580,17520,2024-09-22 22:12:50
Withdrawal Agent,2,99,17261,2024-09-22 22:12:50
Withdrawal Agent,7,94,29960,2024-09-22 22:12:50
Depositor Agent,1,557,17530,2024-09-22 22:12:50
Withdrawal Agent,6,97,17090,2024-09-22 22:12:50
Withdrawal Agent,8,96,13332,2024-09-22 22:12:50
Withdrawal Agent,7,96,17267,2024-09-22 22:12:50
Depositor Agent,3,472,17271,2024-09-22 22:12:50
Withdrawal Agent,6,98,11080,2024-09-22 22:12:50
Depositor Agent,2,494,17274,2024-09-22 22:12:50
Depositor Agent,4,555,13345,2024-09-22 22:12:50
Withdrawal Agent,0,97,17279,2024-09-22 22:12:50
Depositor Agent,0,521,17101,2024-09-22 22:12:50
Withdrawal Agent,1,91,11084,2024-09-22 22:12:51
Withdrawal Agent,4,99,11085,2024-09-22 22:12:51
Depositor Agent,4,556,11086,2024-09-22 22:12:51
Depositor Agent,3,480,29984,2024-09-22 22:12:51
Withdrawal Agent,2,99,17107,2024-09-22 22:12:51
Depositor Agent,0,535,17108,2024-09-22 22:12:51
Depositor Agent,3,565,17111,2024-09-22 22:12:51
Withdrawal Agent,7,91,17291,2024-09-22 22:12:51
Withdrawal Agent,6,92,17558,2024-09-22 22:12:51
Depositor Agent,4,465,17293,2024-09-22 22:12:51
Withdrawal Agent,2,99,17560,2024-09-22 22:12:51
Depositor Agent,2,538,13361,2024-09-22 22:12:51
Withdrawal Agent,2,92,17117,2024-09-22 22:12:51
Depositor Agent,4,486,29997,2024-09-22 22:12:51
Depositor Agent,3,497,17572,2024-09-22 22:12:51
Withdrawal Agent,6,91,17574,2024-09-22 22:12:51
Depositor Agent,1,495,11113,2024-09-22 22:12:51
Withdrawal Agent,4,92,13375,2024-09-22 22:12:51
Withdrawal Agent,3,96,17581,2024-09-22 22:12:51
Depositor Agent,0,465,11120,2024-09-22 22:12:51
Withdrawal Agent,6,91,17134,2024-09-22 22:12:51
Withdrawal Agent,3,95,17585,2024-09-22 22:12:51
Depositor Agent,0,577,13384,2024-09-22 22:12:51
Withdrawal Agent,2,96,30013,2024-09-22 22:12:51
Withdrawal Agent,7,96,11128,2024-09-22 22:12:51
Withdrawal Agent,5,95,17321,2024-09-22 22:12:51
Withdrawal Agent,9,91,17141,2024-09-22 22:12:51
Withdrawal Agent,8,99,11129,2024-09-22 22:12:51
Withdrawal Agent,5,93,11130,2024-09-22 22:12:51
Withdrawal Agent,3,92,13394,2024-09-22 22:12:51
Depositor Agent,3,555,30023,2024-09-22 22:12:51
Depositor Agent,1,484,17149,2024-09-22 22:12:51
Depositor Agent,0,528,17325,2024-09-22 22:12:51
Withdrawal Agent,4,92,11136,2024-09-22 22:12:51
Withdrawal Agent,7,91,13402,2024-09-22 22:12:51
Withdrawal Agent,6,99,17155,2024-09-22 22:12:51
Withdrawal Agent,1,98,11138,2024-09-22 22:12:51
Depositor Agent,3,453,17158,2024-09-22 22:12:51
Depositor Agent,4,459,13405,2024-09-22 22:12:51
Withdrawal Agent,1,95,11145,2024-09-22 22:12:51
Depositor Agent,3,474,11150,2024-09-22 22:12:51
Withdrawal Agent,1,91,13411,2024-09-22 22:12:51
Depositor Agent,4,581,11152,2024-09-22 22:12:51
Depositor Agent,4,510,17343,2024-09-22 22:12:51
Depositor Agent,0,494,17617,2024-09-22 22:12:51
Depositor Agent,3,454,13417,2024-09-22 22:12:51
Withdrawal Agent,8,98,13419,2024-09-22 22:12:51
Withdrawal Agent,2,96,13420,2024-09-22 22:12:51
Depositor Agent,3,474,17178,2024-09-22 22:12:51
Withdrawal Agent,8,94,11164,2024-09-22 22:12:51
Withdrawal Agent,9,91,30047,2024-09-22 22:12:51
Depositor Agent,1,585,17182,2024-09-22 22:12:51
Depositor Agent,0,455,13431,2024-09-22 22:12:51
Depositor Agent,0,512,17187,2024-09-22 22:12:51
Withdrawal Agent,8,99,17634,2024-09-22 22:12:51
Withdrawal Agent,4,98,11173,2024-09-22 22:12:51
Withdrawal Agent,1,95,13436,2024-09-22 22:12:51
Withdrawal Agent,6,99,13437,2024-09-22 22:12:51
Depositor Agent,2,469,17193,2024-09-22 22:12:51
Depositor Agent,0,494,11179,2024-09-22 22:12:51
Withdrawal Agent,5,92,30062,2024-09-22 22:12:52
Depositor Agent,2,489,13441,2024-09-22 22:12:52
Depositor Agent,0,510,30065,2024-09-22 22:12:52
Withdrawal Agent,1,94,11187,2024-09-22 22:12:52
Withdrawal Agent,2,93,13446,2024-09-22 22:12:52
Depositor Agent,2,574,11193,2024-09-22 22:12:52
Depositor Agent,2,482,30072,2024-09-22 22:12:52
Withdrawal Agent,5,97,13453,2024-09-22 22:12:52
Withdrawal Agent,0,98,17204,2024-09-22 22:12:52
Depositor Agent,0,565,17205,2024-09-22 22:12:52
Withdrawal Agent,5,98,17655,2024-09-22 22:12:52
Depositor Agent,0,570,17379,2024-09-22 22:12:52
Withdrawal Agent,7,93,17380,2024-09-22 22:12:52
Depositor Agent,1,589,30082,2024-09-22 22:12:52
Withdrawal Agent,9,99,11201,2024-09-22 22:12:52
Depositor Agent,4,484,17665,2024-09-22 22:12:52
Depositor Agent,0,597,17386,2024-09-22 22:12:52
Withdrawal Agent,5,95,17216,2024-09-22 22:12:52
Withdrawal Agent,5,97,17668,2024-09-22 22:12:52
Withdrawal Agent,4,92,17673,2024-09-22 22:12:52
Depositor Agent,1,529,17676,2024-09-22 22:12:52
Depositor Agent,3,530,13469,2024-09-22 22:12:52
Depositor Agent,3,580,17222,2024-09-22 22:12:52
Withdrawal Agent,5,95,17226,2024-09-22 22:12:52
Depositor Agent,0,583,11214,2024-09-22 22:12:52
Depositor Agent,4,474,17228,2024-09-22 22:12:52
Withdrawal Agent,6,94,13476,2024-09-22 22:12:52
Depositor Agent,0,486,11218,2024-09-22 22:12:52
Depositor Agent,4,491,17229,2024-09-22 22:12:52
Depositor Agent,3,575,30102,2024-09-22 22:12:52
Withdrawal Agent,0,95,17691,2024-09-22 22:12:52
Withdrawal Agent,9,95,11229,2024-09-22 22:12:52
Withdrawal Agent,3,97,17243,2024-09-22 22:12:52
Withdrawal Agent,5,98,30112,2024-09-22 22:12:52
Depositor Agent,3,489,17700,2024-09-22 22:12:52
Depositor Agent,1,511,13488,2024-09-22 22:12:52
Withdrawal Agent,0,95,11236,2024-09-22 22:12:52
Depositor Agent,2,466,17252,2024-09-22 22:12:52
Withdrawal Agent,2,98,13495,2024-09-22 22:12:52
Withdrawal Agent,9,93,17420,2024-09-22 22:12:52
Depositor Agent,2,588,13496,2024-09-22 22:12:52
Withdrawal Agent,6,92,13498,2024-09-22 22:12:52
Withdrawal Agent,7,95,17426,2024-09-22 22:12:52
Withdrawal Agent,0,97,17427,2024-09-22 22:12:52
Depositor Agent,4,595,13503,2024-09-22 22:12:52
Depositor Agent,4,579,17428,2024-09-22 22:12:52
Depositor Agent,1,495,13505,2024-09-22 22:12:52
Depositor Agent,1,468,11258,2024-09-22 22:12:52
Withdrawal Agent,1,94,17727,2024-09-22 22:12:52
Depositor Agent,3,455,17728,2024-09-22 22:12:52
Withdrawal Agent,9,98,17439,2024-09-22 22:12:52
Depositor Agent,4,574,11267,2024-09-22 22:12:52
Withdrawal Agent,1,96,13519,2024-09-22 22:12:52
Withdrawal Agent,5,92,17285,2024-09-22 22:12:52
Depositor Agent,2,569,17286,2024-09-22 22:12:52
Depositor Agent,1,543,17446,2024-09-22 22:12:52
Depositor Agent,3,504,13521,2024-09-22 22:12:52
Depositor Agent,1,478,11273,2024-09-22 22:12:52
Depositor Agent,4,451,13522,2024-09-22 22:12:52
Depositor Agent,4,549,13523,2024-09-22 22:12:52
Withdrawal Agent,9,97,13526,2024-09-22 22:12:53
Withdrawal Agent,9,98,17455,2024-09-22 22:12:53
Withdrawal Agent,5,93,17456,2024-09-22 22:12:53
Withdrawal Agent,7,94,13530,2024-09-22 22:12:53
Depositor Agent,0,516,17745,2024-09-22 22:12:53
Withdrawal Agent,4,96,13537,2024-09-22 22:12:53
Depositor Agent,1,565,30160,2024-09-22 22:12:53
Depositor Agent,4,467,17466,2024-09-22 22:12:53
Depositor Agent,0,511,17469,2024-09-22 22:12:53
Depositor Agent,1,550,13554,2024-09-22 22:12:53
Withdrawal Agent,4,95,11297,2024-09-22 22:12:53
Depositor Agent,3,453,17319,2024-09-22 22:12:53
Depositor Agent,1,581,17321,2024-09-22 22:12:53
Depositor Agent,2,541,30182,2024-09-22 22:12:53
Depositor Agent,0,485,30183,2024-09-22 22:12:53
Withdrawal Agent,5,95,13562,2024-09-22 22:12:53
Depositor Agent,3,549,17764,2024-09-22 22:12:53
Withdrawal Agent,7,95,30184,2024-09-22 22:12:53
Depositor Agent,0,569,17323,2024-09-22 22:12:53
Depositor Agent,0,558,11303,2024-09-22 22:12:53
Depositor Agent,2,475,17324,2024-09-22 22:12:53
Depositor Agent,2,556,11305,2024-09-22 22:12:53
Depositor Agent,2,465,11306,2024-09-22 22:12:53
Withdrawal Agent,3,93,17769,2024-09-22 22:12:53
Withdrawal Agent,7,91,17771,2024-09-22 22:12:53
Withdrawal Agent,6,93,13566,2024-09-22 22:12:53
Withdrawal Agent,0,99,30191,2024-09-22 22:12:53
Withdrawal Agent,4,96,17773,2024-09-22 22:12:53
Depositor Agent,0,510,17774,2024-09-22 22:12:53
Withdrawal Agent,6,94,30195,2024-09-22 22:12:53
Depositor Agent,3,561,30196,2024-09-22 22:12:53
Withdrawal Agent,0,99,17775,2024-09-22 22:12:53
Depositor Agent,0,546,11317,2024-09-22 22:12:53
Depositor Agent,3,538,17490,2024-09-22 22:12:53
Withdrawal Agent,4,99,17491,2024-09-22 22:12:53
Depositor Agent,4,552,17493,2024-09-22 22:12:53
Withdrawal Agent,8,99,17494,2024-09-22 22:12:53
Withdrawal Agent,4,98,13571,2024-09-22 22:12:53
Withdrawal Agent,2,96,17341,2024-09-22 22:12:53
Depositor Agent,0,587,17780,2024-09-22 22:12:53
Depositor Agent,2,542,30204,2024-09-22 22:12:53
Depositor Agent,2,520,17344,2024-09-22 22:12:53
Withdrawal Agent,8,93,13575,2024-09-22 22:12:53
Withdrawal Agent,9,92,17346,2024-09-22 22:12:53
Withdrawal Agent,9,91,17502,2024-09-22 22:12:53
Withdrawal Agent,5,95,17786,2024-09-22 22:12:53
Depositor Agent,0,528,17505,2024-09-22 22:12:53
Depositor Agent,2,582,17507,2024-09-22 22:12:53
Withdrawal Agent,6,99,17788,2024-09-22 22:12:53
Depositor Agent,2,509,17510,2024-09-22 22:12:53
Depositor Agent,4,593,17511,2024-09-22 22:12:53
Withdrawal Agent,2,94,11327,2024-09-22 22:12:53
Withdrawal Agent,3,99,13582,2024-09-22 22:12:53
Depositor Agent,3,581,13586,2024-09-22 22:12:53
Withdrawal Agent,2,98,17514,2024-09-22 22:12:53
Depositor Agent,3,589,17354,2024-09-22 22:12:53
Depositor Agent,4,498,13588,2024-09-22 22:12:53
Depositor Agent,3,589,11334,2024-09-22 22:12:53
Depositor Agent,3,556,17357,2024-09-22 22:12:53
Withdrawal Agent,5,92,17360,2024-09-22 22:12:53
Depositor Agent,2,549,30221,2024-09-22 22:12:53
Withdrawal Agent,4,97,17519,2024-09-22 22:12:53
Withdrawal Agent,2,93,13592,2024-09-22 22:12:53
Depositor Agent,3,534,17521,2024-09-22 22:12:53
Depositor Agent,1,519,11337,2024-09-22 22:12:53
Depositor Agent,2,505,13594,2024-09-22 22:12:53
Depositor Agent,4,588,30223,2024-09-22 22:12:53
Depositor Agent,0,562,17369,2024-09-22 22:12:53
Withdrawal Agent,1,96,17523,2024-09-22 22:12:53
Withdrawal Agent,4,99,30226,2024-09-22 22:12:53
Withdrawal Agent,3,97,17374,2024-09-22 22:12:53
Withdrawal Agent,8,91,13600,2024-09-22 22:12:53
Withdrawal Agent,5,93,17803,2024-09-22 22:12:53
Withdrawal Agent,8,96,17804,2024-09-22 22:12:53
Depositor Agent,3,508,17379,2024-09-22 22:12:53
Depositor Agent,4,565,11346,2024-09-22 22:12:53
Depositor Agent,1,532,17806,2024-09-22 22:12:53
Withdrawal Agent,2,91,17526,2024-09-22 22:12:53
Depositor Agent,0,543,17807,2024-09-22 22:12:53
Withdrawal Agent,6,99,11348,2024-09-22 22:12:53
Withdrawal Agent,9,94,30235,2024-09-22 22:12:53
Withdrawal Agent,6,99,17530,2024-09-22 22:12:53
Depositor Agent,4,523,30237,2024-09-22 22:12:53
Withdrawal Agent,8,92,11355,2024-09-22 22:12:53
Withdrawal Agent,1,93,30242,2024-09-22 22:12:53
Withdrawal Agent,7,96,11361,2024-09-22 22:12:53
Depositor Agent,2,533,17824,2024-09-22 22:12:54
Withdrawal Agent,3,99,17544,2024-09-22 22:12:54
Withdrawal Agent,8,93,17545,2024-09-22 22:12:54
Depositor Agent,3,567,13616,2024-09-22 22:12:54
Depositor Agent,4,488,17403,2024-09-22 22:12:54
Depositor Agent,1,479,11372,2024-09-22 22:12:54
Withdrawal Agent,8,91,17406,2024-09-22 22:12:54
Withdrawal Agent,8,99,13632,2024-09-22 22:12:54
Withdrawal Agent,8,96,17842,2024-09-22 22:12:54
Withdrawal Agent,9,93,17843,2024-09-22 22:12:54
Withdrawal Agent,3,97,11383,2024-09-22 22:12:54
Depositor Agent,0,550,17416,2024-09-22 22:12:54
Depositor Agent,3,466,30274,2024-09-22 22:12:54
Depositor Agent,4,570,11385,2024-09-22 22:12:54
Depositor Agent,0,518,17849,2024-09-22 22:12:54
Withdrawal Agent,4,99,17576,2024-09-22 22:12:54
Withdrawal Agent,4,93,17578,2024-09-22 22:12:54
Depositor Agent,2,581,11396,2024-09-22 22:12:54
Withdrawal Agent,8,94,17586,2024-09-22 22:12:54
Depositor Agent,0,582,17428,2024-09-22 22:12:54
Withdrawal Agent,7,98,13649,2024-09-22 22:12:54
Withdrawal Agent,9,99,11403,2024-09-22 22:12:54
Depositor Agent,3,575,17589,2024-09-22 22:12:54
Depositor Agent,2,473,17865,2024-09-22 22:12:54
Withdrawal Agent,6,92,13654,2024-09-22 22:12:54
Depositor Agent,0,580,17872,2024-09-22 22:12:54
Withdrawal Agent,8,95,17875,2024-09-22 22:12:54
Withdrawal Agent,0,93,17879,2024-09-22 22:12:54
Depositor Agent,0,575,17599,2024-09-22 22:12:54
Withdrawal Agent,7,93,11413,2024-09-22 22:12:54
Depositor Agent,1,545,13663,2024-09-22 22:12:54
Withdrawal Agent,8,92,17600,2024-09-22 22:12:54
Withdrawal Agent,6,95,13665,2024-09-22 22:12:54
Depositor Agent,3,572,11419,2024-09-22 22:12:54
Withdrawal Agent,0,94,30305,2024-09-22 22:12:54
Withdrawal Agent,2,93,13669,2024-09-22 22:12:54
Withdrawal Agent,4,99,17451,2024-09-22 22:12:54
Withdrawal Agent,3,98,30310,2024-09-22 22:12:54
Depositor Agent,0,540,11427,2024-09-22 22:12:54
Depositor Agent,3,550,17614,2024-09-22 22:12:54
Depositor Agent,3,475,30320,2024-09-22 22:12:54
Depositor Agent,0,468,17616,2024-09-22 22:12:54
Withdrawal Agent,6,98,30322,2024-09-22 22:12:54
Depositor Agent,2,552,17620,2024-09-22 22:12:54
Withdrawal Agent,3,92,11443,2024-09-22 22:12:54
Depositor Agent,3,559,13687,2024-09-22 22:12:54
Depositor Agent,0,478,11445,2024-09-22 22:12:54
Withdrawal Agent,0,96,11447,2024-09-22 22:12:54
Depositor Agent,3,457,17627,2024-09-22 22:12:54
Withdrawal Agent,2,91,17902,2024-09-22 22:12:54
Depositor Agent,4,489,17903,2024-09-22 22:12:54
Withdrawal Agent,3,98,13690,2024-09-22 22:12:54
Withdrawal Agent,1,96,13692,2024-09-22 22:12:54
Withdrawal Agent,2,93,17471,2024-09-22 22:12:54
Withdrawal Agent,5,92,17633,2024-09-22 22:12:54
Depositor Agent,1,512,17478,2024-09-22 22:12:54
Depositor Agent,3,474,17910,2024-09-22 22:12:54
Depositor Agent,0,516,11458,2024-09-22 22:12:54
Depositor Agent,2,463,17483,2024-09-22 22:12:55
Depositor Agent,0,501,17485,2024-09-22 22:12:55
Depositor Agent,1,545,17645,2024-09-22 22:12:55
Withdrawal Agent,2,91,17919,2024-09-22 22:12:55
Depositor Agent,2,566,13703,2024-09-22 22:12:55
Withdrawal Agent,9,93,30350,2024-09-22 22:12:55
Withdrawal Agent,8,91,17650,2024-09-22 22:12:55
Depositor Agent,4,451,17922,2024-09-22 22:12:55
Depositor Agent,4,590,30352,2024-09-22 22:12:55
Withdrawal Agent,3,92,30353,2024-09-22 22:12:55
Depositor Agent,4,474,17653,2024-09-22 22:12:55
Withdrawal Agent,8,91,17491,2024-09-22 22:12:55
Depositor Agent,2,595,11478,2024-09-22 22:12:55
Withdrawal Agent,2,98,17496,2024-09-22 22:12:55
Withdrawal Agent,5,99,17657,2024-09-22 22:12:55
Withdrawal Agent,6,92,17928,2024-09-22 22:12:55
Depositor Agent,0,584,17659,2024-09-22 22:12:55
Withdrawal Agent,1,97,13714,2024-09-22 22:12:55
Withdrawal Agent,2,96,17934,2024-09-22 22:12:55
Withdrawal Agent,4,96,17506,2024-09-22 22:12:55
Withdrawal Agent,4,92,17664,2024-09-22 22:12:55
Withdrawal Agent,1,92,17667,2024-09-22 22:12:55
Withdrawal Agent,5,95,17669,2024-09-22 22:12:55
Depositor Agent,2,509,30373,2024-09-22 22:12:55
Depositor Agent,3,489,13724,2024-09-22 22:12:55
Withdrawal Agent,1,99,17943,2024-09-22 22:12:55
Withdrawal Agent,7,97,17510,2024-09-22 22:12:55
Depositor Agent,0,556,17514,2024-09-22 22:12:55
Depositor Agent,3,455,17517,2024-09-22 22:12:55
Withdrawal Agent,0,98,17674,2024-09-22 22:12:55
Depositor Agent,1,512,17676,2024-09-22 22:12:55
Depositor Agent,2,481,17520,2024-09-22 22:12:55
Withdrawal Agent,4,95,11502,2024-09-22 22:12:55
Withdrawal Agent,9,99,17952,2024-09-22 22:12:55
Withdrawal Agent,6,95,17953,2024-09-22 22:12:55
Depositor Agent,2,469,30389,2024-09-22 22:12:55
Depositor Agent,3,553,11510,2024-09-22 22:12:55
Withdrawal Agent,2,97,13737,2024-09-22 22:12:55
Depositor Agent,1,566,17960,2024-09-22 22:12:55
Withdrawal Agent,5,92,13740,2024-09-22 22:12:55
Depositor Agent,1,522,11520,2024-09-22 22:12:55
Depositor Agent,2,490,17968,2024-09-22 22:12:55
Depositor Agent,3,510,17972,2024-09-22 22:12:55
Depositor Agent,4,596,17537,2024-09-22 22:12:55
Withdrawal Agent,3,99,30408,2024-09-22 22:12:55
Depositor Agent,1,507,11531,2024-09-22 22:12:55
Depositor Agent,4,500,17545,2024-09-22 22:12:55
Withdrawal Agent,6,93,17980,2024-09-22 22:12:55
Withdrawal Agent,8,92,17983,2024-09-22 22:12:55
Withdrawal Agent,1,97,30413,2024-09-22 22:12:55
Withdrawal Agent,7,94,17711,2024-09-22 22:12:55
Depositor Agent,1,555,17553,2024-09-22 22:12:55
Depositor Agent,3,562,17714,2024-09-22 22:12:55
Withdrawal Agent,6,93,17990,2024-09-22 22:12:55
Withdrawal Agent,9,93,17716,2024-09-22 22:12:55
Withdrawal Agent,2,92,11544,2024-09-22 22:12:55
Depositor Agent,0,533,30425,2024-09-22 22:12:55
Depositor Agent,2,550,17998,2024-09-22 22:12:55
Withdrawal Agent,4,99,13783,2024-09-22 22:12:55
Withdrawal Agent,3,99,13784,2024-09-22 22:12:55
Depositor Agent,0,522,11551,2024-09-22 22:12:55
Depositor Agent,2,534,13785,2024-09-22 22:12:55
Depositor Agent,0,590,17725,2024-09-22 22:12:55
Depositor Agent,3,574,13787,2024-09-22 22:12:55
Depositor Agent,0,462,13788,2024-09-22 22:12:55
Depositor Agent,1,510,13789,2024-09-22 22:12:55
Withdrawal Agent,4,97,17730,2024-09-22 22:12:55
Depositor Agent,1,460,18007,2024-09-22 22:12:56
Depositor Agent,1,535,11557,2024-09-22 22:12:56
Withdrawal Agent,6,98,30442,2024-09-22 22:12:56
Withdrawal Agent,7,98,17735,2024-09-22 22:12:56
Depositor Agent,3,490,18012,2024-09-22 22:12:56
Depositor Agent,4,468,30447,2024-09-22 22:12:56
Depositor Agent,3,503,17579,2024-09-22 22:12:56
Depositor Agent,1,456,17580,2024-09-22 22:12:56
Withdrawal Agent,9,98,30450,2024-09-22 22:12:56
Withdrawal Agent,6,95,18015,2024-09-22 22:12:56
Depositor Agent,0,500,18017,2024-09-22 22:12:56
Depositor Agent,4,548,18018,2024-09-22 22:12:56
Withdrawal Agent,4,93,13805,2024-09-22 22:12:56
Withdrawal Agent,4,94,17741,2024-09-22 22:12:56
Withdrawal Agent,7,91,13807,2024-09-22 22:12:56
Withdrawal Agent,2,92,13808,2024-09-22 22:12:56
Depositor Agent,3,581,11570,2024-09-22 22:12:56
Withdrawal Agent,4,91,17587,2024-09-22 22:12:56
Depositor Agent,4,474,30457,2024-09-22 22:12:56
Withdrawal Agent,7,97,18025,2024-09-22 22:12:56
Withdrawal Agent,6,92,30460,2024-09-22 22:12:56
Depositor Agent,3,465,13821,2024-09-22 22:12:56
Depositor Agent,1,470,13822,2024-09-22 22:12:56
Withdrawal Agent,3,99,11582,2024-09-22 22:12:56
Withdrawal Agent,3,94,13825,2024-09-22 22:12:56
Withdrawal Agent,5,92,18033,2024-09-22 22:12:56
Withdrawal Agent,1,95,18037,2024-09-22 22:12:56
Depositor Agent,1,586,17754,2024-09-22 22:12:56
Withdrawal Agent,8,97,13831,2024-09-22 22:12:56
Withdrawal Agent,6,97,30470,2024-09-22 22:12:56
Withdrawal Agent,6,97,17608,2024-09-22 22:12:56
Depositor Agent,3,478,18041,2024-09-22 22:12:56
Depositor Agent,1,467,17763,2024-09-22 22:12:56
Withdrawal Agent,2,95,30472,2024-09-22 22:12:56
Withdrawal Agent,9,92,17766,2024-09-22 22:12:56
Depositor Agent,0,451,17767,2024-09-22 22:12:56
Withdrawal Agent,5,95,13835,2024-09-22 22:12:56
Withdrawal Agent,1,99,11594,2024-09-22 22:12:56
Withdrawal Agent,2,91,11595,2024-09-22 22:12:56
Depositor Agent,1,568,17615,2024-09-22 22:12:56
Depositor Agent,2,589,18047,2024-09-22 22:12:56
Withdrawal Agent,7,97,11600,2024-09-22 22:12:56
Withdrawal Agent,5,99,17618,2024-09-22 22:12:56
Withdrawal Agent,0,96,18051,2024-09-22 22:12:56
Depositor Agent,3,556,11603,2024-09-22 22:12:56
Depositor Agent,0,531,11605,2024-09-22 22:12:56
Withdrawal Agent,7,94,30485,2024-09-22 22:12:56
Depositor Agent,2,503,11606,2024-09-22 22:12:56
Withdrawal Agent,2,94,13851,2024-09-22 22:12:56
Withdrawal Agent,5,96,17633,2024-09-22 22:12:56
Withdrawal Agent,2,92,17637,2024-09-22 22:12:56
Withdrawal Agent,0,95,30498,2024-09-22 22:12:56
Depositor Agent,2,575,13860,2024-09-22 22:12:56
Depositor Agent,4,571,11618,2024-09-22 22:12:56
Withdrawal Agent,6,99,13863,2024-09-22 22:12:56
Depositor Agent,2,575,18071,2024-09-22 22:12:56
Withdrawal Agent,5,92,11622,2024-09-22 22:12:56
Withdrawal Agent,2,99,17793,2024-09-22 22:12:56
Depositor Agent,2,520,18072,2024-09-22 22:12:56
Depositor Agent,1,495,13866,2024-09-22 22:12:56
Depositor Agent,1,513,30507,2024-09-22 22:12:56
Depositor Agent,2,506,17652,2024-09-22 22:12:56
Depositor Agent,2,483,30513,2024-09-22 22:12:56
Withdrawal Agent,8,99,17802,2024-09-22 22:12:56
Depositor Agent,4,466,18089,2024-09-22 22:12:56
Depositor Agent,4,569,17665,2024-09-22 22:12:56
Withdrawal Agent,1,91,30515,2024-09-22 22:12:56
Withdrawal Agent,1,95,11638,2024-09-22 22:12:56
Withdrawal Agent,8,91,11639,2024-09-22 22:12:56
Withdrawal Agent,4,95,11641,2024-09-22 22:12:56
Depositor Agent,1,543,11643,2024-09-22 22:12:56
Withdrawal Agent,8,96,13886,2024-09-22 22:12:56
Withdrawal Agent,0,91,11644,2024-09-22 22:12:56
Withdrawal Agent,4,97,11645,2024-09-22 22:12:56
Depositor Agent,2,464,30521,2024-09-22 22:12:56
Depositor Agent,2,563,11647,2024-09-22 22:12:56
Withdrawal Agent,9,97,17812,2024-09-22 22:12:56
Withdrawal Agent,2,98,17814,2024-09-22 22:12:57
Depositor Agent,3,552,13890,2024-09-22 22:12:57
Withdrawal Agent,0,93,30526,2024-09-22 22:12:57
Withdrawal Agent,0,93,30527,2024-09-22 22:12:57
Depositor Agent,2,522,18104,2024-09-22 22:12:57
Withdrawal Agent,5,97,13893,2024-09-22 22:12:57
Withdrawal Agent,7,95,30529,2024-09-22 22:12:57
Depositor Agent,3,574,11656,2024-09-22 22:12:57
Withdrawal Agent,3,96,11657,2024-09-22 22:12:57
Depositor Agent,0,564,30537,2024-09-22 22:12:57
Withdrawal Agent,4,97,17682,2024-09-22 22:12:57
Withdrawal Agent,8,97,17830,2024-09-22 22:12:57
Withdrawal Agent,0,94,13908,2024-09-22 22:12:57
Withdrawal Agent,5,97,11667,2024-09-22 22:12:57
Depositor Agent,4,597,17834,2024-09-22 22:12:57
Depositor Agent,3,566,18119,2024-09-22 22:12:57
Depositor Agent,1,527,30544,2024-09-22 22:12:57
Depositor Agent,0,531,17689,2024-09-22 22:12:57
Withdrawal Agent,1,92,13916,2024-09-22 22:12:57
Depositor Agent,4,582,18124,2024-09-22 22:12:57
Withdrawal Agent,2,95,13917,2024-09-22 22:12:57
Depositor Agent,2,464,18125,2024-09-22 22:12:57
Withdrawal Agent,0,94,11679,2024-09-22 22:12:57
Depositor Agent,3,520,17700,2024-09-22 22:12:57
Withdrawal Agent,9,96,11684,2024-09-22 22:12:57
Depositor Agent,1,572,11686,2024-09-22 22:12:57
Depositor Agent,4,586,17845,2024-09-22 22:12:57
Depositor Agent,2,508,18136,2024-09-22 22:12:57
Withdrawal Agent,5,98,17713,2024-09-22 22:12:57
Withdrawal Agent,6,98,17715,2024-09-22 22:12:57
Depositor Agent,1,558,13931,2024-09-22 22:12:57
Withdrawal Agent,4,98,11700,2024-09-22 22:12:57
Withdrawal Agent,9,94,17722,2024-09-22 22:12:57
Depositor Agent,0,585,13938,2024-09-22 22:12:57
Depositor Agent,3,454,17859,2024-09-22 22:12:57
Withdrawal Agent,4,99,17860,2024-09-22 22:12:57
Depositor Agent,2,520,17863,2024-09-22 22:12:57
Depositor Agent,3,538,13939,2024-09-22 22:12:57
Withdrawal Agent,3,97,17728,2024-09-22 22:12:57
Withdrawal Agent,4,93,30571,2024-09-22 22:12:57
Depositor Agent,2,474,17869,2024-09-22 22:12:57
Withdrawal Agent,3,98,13945,2024-09-22 22:12:57
Withdrawal Agent,7,93,30579,2024-09-22 22:12:57
Depositor Agent,1,562,18151,2024-09-22 22:12:57
Depositor Agent,0,507,17873,2024-09-22 22:12:57
Withdrawal Agent,1,97,11717,2024-09-22 22:12:57
Withdrawal Agent,9,95,11718,2024-09-22 22:12:57
Withdrawal Agent,5,95,13951,2024-09-22 22:12:57
Depositor Agent,2,458,11726,2024-09-22 22:12:57
Depositor Agent,4,575,30588,2024-09-22 22:12:57
Withdrawal Agent,9,91,17746,2024-09-22 22:12:57
Withdrawal Agent,1,95,18167,2024-09-22 22:12:57
Depositor Agent,4,456,17754,2024-09-22 22:12:57
Depositor Agent,0,474,17888,2024-09-22 22:12:57
Withdrawal Agent,4,98,17756,2024-09-22 22:12:57
Depositor Agent,2,545,13967,2024-09-22 22:12:57
Withdrawal Agent,2,92,18170,2024-09-22 22:12:57
Withdrawal Agent,8,94,30603,2024-09-22 22:12:57
Withdrawal Agent,2,91,17891,2024-09-22 22:12:57
Depositor Agent,1,490,11737,2024-09-22 22:12:57
Withdrawal Agent,4,94,18171,2024-09-22 22:12:57
Depositor Agent,1,468,17760,2024-09-22 22:12:57
Withdrawal Agent,1,91,17896,2024-09-22 22:12:57
Withdrawal Agent,1,95,17764,2024-09-22 22:12:57
Withdrawal Agent,0,99,17901,2024-09-22 22:12:57
Withdrawal Agent,2,97,17902,2024-09-22 22:12:57
Depositor Agent,2,579,30614,2024-09-22 22:12:58
Depositor Agent,0,493,13977,2024-09-22 22:12:58
Withdrawal Agent,7,93,18187,2024-09-22 22:12:58
Depositor Agent,1,491,18189,2024-09-22 22:12:58
Depositor Agent,1,529,30622,2024-09-22 22:12:58
Depositor Agent,2,584,18192,2024-09-22 22:12:58
Withdrawal Agent,6,92,30624,2024-09-22 22:12:58
Withdrawal Agent,5,95,18196,2024-09-22 22:12:58
Depositor Agent,0,457,17782,2024-09-22 22:12:58
Depositor Agent,0,539,17910,2024-09-22 22:12:58
Withdrawal Agent,1,98,11757,2024-09-22 22:12:58
Withdrawal Agent,0,96,17916,2024-09-22 22:12:58
Depositor Agent,4,461,17917,2024-09-22 22:12:58
Withdrawal Agent,4,92,18203,2024-09-22 22:12:58
Withdrawal Agent,1,99,18204,2024-09-22 22:12:58
Depositor Agent,0,543,30634,2024-09-22 22:12:58
Withdrawal Agent,9,98,17921,2024-09-22 22:12:58
Depositor Agent,4,593,13998,2024-09-22 22:12:58
Depositor Agent,4,592,17794,2024-09-22 22:12:58
Withdrawal Agent,0,97,17922,2024-09-22 22:12:58
Withdrawal Agent,8,92,14002,2024-09-22 22:12:58
Withdrawal Agent,0,94,18209,2024-09-22 22:12:58
Withdrawal Agent,7,94,17927,2024-09-22 22:12:58
Withdrawal Agent,4,96,18215,2024-09-22 22:12:58
Withdrawal Agent,4,93,18216,2024-09-22 22:12:58
Depositor Agent,3,487,18226,2024-09-22 22:12:58
Withdrawal Agent,8,92,17932,2024-09-22 22:12:58
Withdrawal Agent,0,93,18228,2024-09-22 22:12:58
Depositor Agent,2,545,11784,2024-09-22 22:12:58
Depositor Agent,0,512,18230,2024-09-22 22:12:58
Depositor Agent,4,570,11791,2024-09-22 22:12:58
Withdrawal Agent,9,97,14021,2024-09-22 22:12:58
Withdrawal Agent,0,98,30661,2024-09-22 22:12:58
Withdrawal Agent,3,93,11795,2024-09-22 22:12:58
Withdrawal Agent,9,94,17820,2024-09-22 22:12:58
Depositor Agent,2,480,30668,2024-09-22 22:12:58
Depositor Agent,0,600,14025,2024-09-22 22:12:58
Withdrawal Agent,9,94,17949,2024-09-22 22:12:58
Withdrawal Agent,2,94,17825,2024-09-22 22:12:58
Withdrawal Agent,4,91,18236,2024-09-22 22:12:58
Withdrawal Agent,3,92,14031,2024-09-22 22:12:58
Depositor Agent,1,572,17831,2024-09-22 22:12:58
Depositor Agent,3,572,18246,2024-09-22 22:12:58
Withdrawal Agent,4,96,11809,2024-09-22 22:12:58
Withdrawal Agent,3,91,17958,2024-09-22 22:12:58
Depositor Agent,0,526,17961,2024-09-22 22:12:58
Depositor Agent,1,488,17969,2024-09-22 22:12:58
Withdrawal Agent,3,96,11819,2024-09-22 22:12:58
Depositor Agent,1,476,30697,2024-09-22 22:12:58
Depositor Agent,4,503,18258,2024-09-22 22:12:58
Depositor Agent,0,484,17853,2024-09-22 22:12:58
Depositor Agent,2,545,30701,2024-09-22 22:12:58
Withdrawal Agent,7,97,18260,2024-09-22 22:12:58
Withdrawal Agent,4,95,17978,2024-09-22 22:12:58
Depositor Agent,0,475,18266,2024-09-22 22:12:58
Depositor Agent,2,503,30704,2024-09-22 22:12:58
Withdrawal Agent,5,95,11833,2024-09-22 22:12:58
Withdrawal Agent,2,92,18267,2024-09-22 22:12:58
Depositor Agent,2,599,14062,2024-09-22 22:12:58
Depositor Agent,2,477,17984,2024-09-22 22:12:58
Withdrawal Agent,2,94,17863,2024-09-22 22:12:59
Depositor Agent,3,495,17987,2024-09-22 22:12:59
Withdrawal Agent,5,98,17864,2024-09-22 22:12:59
Withdrawal Agent,2,97,30717,2024-09-22 22:12:59
Depositor Agent,3,585,11840,2024-09-22 22:12:59
Withdrawal Agent,2,93,17994,2024-09-22 22:12:59
Depositor Agent,2,525,11842,2024-09-22 22:12:59
Withdrawal Agent,4,99,17874,2024-09-22 22:12:59
Withdrawal Agent,7,98,11847,2024-09-22 22:12:59
Depositor Agent,1,534,17880,2024-09-22 22:12:59
Depositor Agent,4,480,11848,2024-09-22 22:12:59
Depositor Agent,1,459,11850,2024-09-22 22:12:59
Depositor Agent,3,549,18283,2024-09-22 22:12:59
Withdrawal Agent,0,92,18006,2024-09-22 22:12:59
Withdrawal Agent,2,92,14080,2024-09-22 22:12:59
Withdrawal Agent,6,98,18288,2024-09-22 22:12:59
Withdrawal Agent,4,91,30733,2024-09-22 22:12:59
Withdrawal Agent,8,93,18294,2024-09-22 22:12:59
Withdrawal Agent,2,91,14089,2024-09-22 22:12:59
Depositor Agent,4,457,11865,2024-09-22 22:12:59
Withdrawal Agent,7,98,11867,2024-09-22 22:12:59
Depositor Agent,1,555,14096,2024-09-22 22:12:59
Withdrawal Agent,0,97,18299,2024-09-22 22:12:59
Withdrawal Agent,4,97,18023,2024-09-22 22:12:59
Depositor Agent,1,507,18026,2024-09-22 22:12:59
Withdrawal Agent,3,96,11872,2024-09-22 22:12:59
Depositor Agent,1,556,11875,2024-09-22 22:12:59
Depositor Agent,3,541,18037,2024-09-22 22:12:59
Withdrawal Agent,7,96,17902,2024-09-22 22:12:59
Depositor Agent,4,551,30753,2024-09-22 22:12:59
Depositor Agent,2,556,18041,2024-09-22 22:12:59
Withdrawal Agent,4,95,11887,2024-09-22 22:12:59
Depositor Agent,4,543,17904,2024-09-22 22:12:59
Depositor Agent,2,453,17905,2024-09-22 22:12:59
Withdrawal Agent,8,99,11893,2024-09-22 22:12:59
Withdrawal Agent,0,95,18322,2024-09-22 22:12:59
Depositor Agent,3,562,14117,2024-09-22 22:12:59
Depositor Agent,4,543,14119,2024-09-22 22:12:59
Withdrawal Agent,2,97,14122,2024-09-22 22:12:59
Depositor Agent,3,568,17917,2024-09-22 22:12:59
Withdrawal Agent,6,91,11896,2024-09-22 22:12:59
Depositor Agent,1,494,17919,2024-09-22 22:12:59
Withdrawal Agent,5,93,18059,2024-09-22 22:12:59
Withdrawal Agent,7,91,17923,2024-09-22 22:12:59
Depositor Agent,2,463,17929,2024-09-22 22:12:59
Withdrawal Agent,8,97,18341,2024-09-22 22:12:59
Depositor Agent,4,496,14131,2024-09-22 22:12:59
Withdrawal Agent,5,98,18069,2024-09-22 22:12:59
Depositor Agent,3,514,17937,2024-09-22 22:12:59
Depositor Agent,1,524,18071,2024-09-22 22:12:59
Withdrawal Agent,8,97,30784,2024-09-22 22:12:59
Withdrawal Agent,9,94,18346,2024-09-22 22:12:59
Depositor Agent,3,520,11913,2024-09-22 22:12:59
Depositor Agent,1,463,18354,2024-09-22 22:12:59
Depositor Agent,3,495,11924,2024-09-22 22:12:59
Withdrawal Agent,7,98,14145,2024-09-22 22:12:59
Withdrawal Agent,8,94,17948,2024-09-22 22:12:59
Withdrawal Agent,7,96,11925,2024-09-22 22:12:59
Depositor Agent,3,477,30797,2024-09-22 22:12:59
Withdrawal Agent,8,98,18361,2024-09-22 22:12:59
Withdrawal Agent,2,99,17950,2024-09-22 22:12:59
Withdrawal Agent,2,92,14150,2024-09-22 22:13:00
Depositor Agent,4,507,14151,2024-09-22 22:13:00
Depositor Agent,2,542,30801,2024-09-22 22:13:00
Withdrawal Agent,0,97,18091,2024-09-22 22:13:00
Withdrawal Agent,4,95,17957,2024-09-22 22:13:00
Withdrawal Agent,7,99,14154,2024-09-22 22:13:00
Withdrawal Agent,2,99,17959,2024-09-22 22:13:00
Withdrawal Agent,1,95,17963,2024-09-22 22:13:00
Withdrawal Agent,7,91,18370,2024-09-22 22:13:00
Withdrawal Agent,9,93,11941,2024-09-22 22:13:00
Withdrawal Agent,4,97,14160,2024-09-22 22:13:00
Withdrawal Agent,6,95,11942,2024-09-22 22:13:00
Withdrawal Agent,5,95,30815,2024-09-22 22:13:00
Withdrawal Agent,6,99,14166,2024-09-22 22:13:00
Depositor Agent,0,480,14167,2024-09-22 22:13:00
Depositor Agent,1,543,18377,2024-09-22 22:13:00
Depositor Agent,3,461,11946,2024-09-22 22:13:00
Depositor Agent,2,529,17975,2024-09-22 22:13:00
Depositor Agent,2,465,14171,2024-09-22 22:13:00
Withdrawal Agent,2,93,30822,2024-09-22 22:13:00
Withdrawal Agent,8,92,11949,2024-09-22 22:13:00
Withdrawal Agent,5,98,30825,2024-09-22 22:13:00
Depositor Agent,0,472,18115,2024-09-22 22:13:00
Depositor Agent,0,557,14176,2024-09-22 22:13:00
Withdrawal Agent,3,95,18117,2024-09-22 22:13:00
Withdrawal Agent,3,96,18119,2024-09-22 22:13:00
Withdrawal Agent,9,94,17987,2024-09-22 22:13:00
Withdrawal Agent,6,93,18120,2024-09-22 22:13:00
Depositor Agent,4,503,15,2024-09-22 22:13:25
Withdrawal Agent,8,92,9,2024-09-22 22:13:25
Withdrawal Agent,4,93,5,2024-09-22 22:13:25
Depositor Agent,1,573,18,2024-09-22 22:13:25
Depositor Agent,3,508,36,2024-09-22 22:13:25
Withdrawal Agent,0,92,29,2024-09-22 22:13:25
Depositor Agent,1,568,46,2024-09-22 22:13:25
Withdrawal Agent,2,96,48,2024-09-22 22:13:25
Withdrawal Agent,1,91,50,2024-09-22 22:13:25
Withdrawal Agent,3,94,62,2024-09-22 22:13:26
Withdrawal Agent,4,97,66,2024-09-22 22:13:26
Depositor Agent,2,592,71,2024-09-22 22:13:26
Withdrawal Agent,4,97,73,2024-09-22 22:13:26
Withdrawal Agent,6,92,98,2024-09-22 22:13:26
Depositor Agent,4,471,100,2024-09-22 22:13:26
Withdrawal Agent,5,91,117,2024-09-22 22:13:26
Depositor Agent,2,457,119,2024-09-22 22:13:26
Withdrawal Agent,6,98,124,2024-09-22 22:13:26
Withdrawal Agent,9,96,131,2024-09-22 22:13:26
Depositor Agent,2,495,144,2024-09-22 22:13:27
Depositor Agent,3,507,145,2024-09-22 22:13:27
Depositor Agent,3,456,150,2024-09-22 22:13:27
Withdrawal Agent,0,93,155,2024-09-22 22:13:27
Depositor Agent,3,474,169,2024-09-22 22:13:27
Depositor Agent,3,531,176,2024-09-22 22:13:27
Withdrawal Agent,0,98,193,2024-09-22 22:13:27
Withdrawal Agent,9,91,201,2024-09-22 22:13:27
Depositor Agent,1,470,207,2024-09-22 22:13:27
Depositor Agent,2,544,209,2024-09-22 22:13:27
Depositor Agent,0,480,210,2024-09-22 22:13:27
Withdrawal Agent,1,97,214,2024-09-22 22:13:27
Depositor Agent,1,565,225,2024-09-22 22:13:27
Withdrawal Agent,5,91,250,2024-09-22 22:13:28
Depositor Agent,1,458,290,2024-09-22 22:13:28
Depositor Agent,4,584,301,2024-09-22 22:13:28
Withdrawal Agent,7,95,303,2024-09-22 22:13:28
Withdrawal Agent,4,95,316,2024-09-22 22:13:28
Withdrawal Agent,7,99,326,2024-09-22 22:13:28
Depositor Agent,3,484,327,2024-09-22 22:13:28
Withdrawal Agent,4,93,335,2024-09-22 22:13:28
Withdrawal Agent,5,91,337,2024-09-22 22:13:28
Withdrawal Agent,8,99,350,2024-09-22 22:13:29
Withdrawal Agent,6,94,355,2024-09-22 22:13:29
Withdrawal Agent,0,91,367,2024-09-22 22:13:29
Withdrawal Agent,0,97,369,2024-09-22 22:13:29
Withdrawal Agent,3,95,370,2024-09-22 22:13:29
Withdrawal Agent,4,98,381,2024-09-22 22:13:29
Depositor Agent,4,572,15,2024-09-22 22:13:47
Withdrawal Agent,5,95,6,2024-09-22 22:13:47
Depositor Agent,2,524,33,2024-09-22 22:13:47
Depositor Agent,3,589,34,2024-09-22 22:13:47
Withdrawal Agent,8,96,42,2024-09-22 22:13:47
Depositor Agent,3,465,74,2024-09-22 22:13:47
Depositor Agent,3,486,75,2024-09-22 22:13:47
Depositor Agent,0,503,80,2024-09-22 22:13:47
Withdrawal Agent,1,97,81,2024-09-22 22:13:47
Withdrawal Agent,7,97,108,2024-09-22 22:13:48
Withdrawal Agent,0,97,109,2024-09-22 22:13:48
Depositor Agent,3,454,121,2024-09-22 22:13:48
Depositor Agent,1,492,127,2024-09-22 22:13:48
Depositor Agent,0,469,133,2024-09-22 22:13:48
Depositor Agent,1,488,134,2024-09-22 22:13:48
Withdrawal Agent,6,95,135,2024-09-22 22:13:48
Withdrawal Agent,7,99,175,2024-09-22 22:13:49
Withdrawal Agent,7,94,188,2024-09-22 22:13:49
Withdrawal Agent,5,95,201,2024-09-22 22:13:49
Withdrawal Agent,2,91,202,2024-09-22 22:13:49
Withdrawal Agent,3,93,226,2024-09-22 22:13:49
Withdrawal Agent,8,91,230,2024-09-22 22:13:49
Depositor Agent,0,538,242,2024-09-22 22:13:49
Depositor Agent,3,559,13,2024-09-22 22:14:00
Depositor Agent,2,561,16,2024-09-22 22:14:00
Withdrawal Agent,3,99,28,2024-09-22 22:14:01
Withdrawal Agent,3,93,37,2024-09-22 22:14:01
Withdrawal Agent,3,91,39,2024-09-22 22:14:01
Withdrawal Agent,7,91,40,2024-09-22 22:14:01
Withdrawal Agent,5,91,44,2024-09-22 22:14:01
Withdrawal Agent,8,93,45,2024-09-22 22:14:01
Depositor Agent,0,484,56,2024-09-22 22:14:01
Depositor Agent,3,538,59,2024-09-22 22:14:01
Withdrawal Agent,3,95,69,2024-09-22 22:14:01
Withdrawal Agent,2,95,90,2024-09-22 22:14:01
Depositor Agent,4,478,95,2024-09-22 22:14:01
Depositor Agent,2,595,117,2024-09-22 22:14:02
Withdrawal Agent,6,98,122,2024-09-22 22:14:02
Withdrawal Agent,1,94,143,2024-09-22 22:14:02
Depositor Agent,1,472,147,2024-09-22 22:14:02
Depositor Agent,2,534,155,2024-09-22 22:14:02
Depositor Agent,1,504,161,2024-09-22 22:14:02
Depositor Agent,2,568,190,2024-09-22 22:14:02
Withdrawal Agent,0,91,192,2024-09-22 22:14:02
Depositor Agent,3,516,218,2024-09-22 22:14:03
Depositor Agent,4,501,271,2024-09-22 22:14:03
Depositor Agent,2,529,284,2024-09-22 22:14:03
Depositor Agent,3,549,300,2024-09-22 22:14:04
Depositor Agent,2,582,307,2024-09-22 22:14:04
Withdrawal Agent,3,99,317,2024-09-22 22:14:04
Withdrawal Agent,5,91,324,2024-09-22 22:14:04
Withdrawal Agent,6,96,20,2024-09-22 22:14:16
Depositor Agent,3,488,67,2024-09-22 22:14:17
Depositor Agent,2,503,69,2024-09-22 22:14:17
Withdrawal Agent,7,93,90,2024-09-22 22:14:17
Depositor Agent,3,567,92,2024-09-22 22:14:17
Depositor Agent,2,512,104,2024-09-22 22:14:17
Depositor Agent,3,493,114,2024-09-22 22:14:17
Withdrawal Agent,6,96,118,2024-09-22 22:14:17
Withdrawal Agent,0,92,133,2024-09-22 22:14:18
Withdrawal Agent,9,98,139,2024-09-22 22:14:18
Withdrawal Agent,0,93,143,2024-09-22 22:14:18
Depositor Agent,2,587,145,2024-09-22 22:14:18
Withdrawal Agent,2,91,148,2024-09-22 22:14:18
Depositor Agent,0,527,153,2024-09-22 22:14:18
Depositor Agent,4,595,166,2024-09-22 22:14:18
Depositor Agent,0,569,171,2024-09-22 22:14:18
Depositor Agent,2,467,172,2024-09-22 22:14:18
Depositor Agent,3,543,181,2024-09-22 22:14:18
Depositor Agent,4,476,209,2024-09-22 22:14:18
Depositor Agent,2,571,221,2024-09-22 22:14:19
Withdrawal Agent,0,93,223,2024-09-22 22:14:19
Withdrawal Agent,4,93,229,2024-09-22 22:14:19
Withdrawal Agent,6,91,233,2024-09-22 22:14:19
Withdrawal Agent,2,95,263,2024-09-22 22:14:19
Depositor Agent,1,523,269,2024-09-22 22:14:19
Withdrawal Agent,2,98,286,2024-09-22 22:14:19
Depositor Agent,0,465,289,2024-09-22 22:14:19
Withdrawal Agent,7,98,292,2024-09-22 22:14:19
Depositor Agent,3,538,302,2024-09-22 22:14:19
Depositor Agent,4,593,311,2024-09-22 22:14:20
Depositor Agent,1,560,326,2024-09-22 22:14:20
Withdrawal Agent,9,95,328,2024-09-22 22:14:20
Depositor Agent,0,600,337,2024-09-22 22:14:20
Depositor Agent,4,528,340,2024-09-22 22:14:20
Withdrawal Agent,3,98,353,2024-09-22 22:14:20
Depositor Agent,1,493,360,2024-09-22 22:14:20
Withdrawal Agent,3,99,361,2024-09-22 22:14:20
Depositor Agent,4,582,366,2024-09-22 22:14:20
Depositor Agent,3,506,374,2024-09-22 22:14:20
Withdrawal Agent,1,96,377,2024-09-22 22:14:20
Withdrawal Agent,7,97,379,2024-09-22 22:14:20
Depositor Agent,1,535,392,2024-09-22 22:14:20
Withdrawal Agent,1,94,394,2024-09-22 22:14:20
Depositor Agent,0,560,413,2024-09-22 22:14:21
Depositor Agent,3,467,420,2024-09-22 22:14:21
Withdrawal Agent,8,96,429,2024-09-22 22:14:21
Withdrawal Agent,1,98,443,2024-09-22 22:14:21
Withdrawal Agent,6,93,459,2024-09-22 22:14:21
Depositor Agent,3,455,461,2024-09-22 22:14:21
Withdrawal Agent,9,96,472,2024-09-22 22:14:21
Withdrawal Agent,1,93,480,2024-09-22 22:14:21
Withdrawal Agent,2,99,483,2024-09-22 22:14:21
Withdrawal Agent,9,92,485,2024-09-22 22:14:21
Withdrawal Agent,9,95,491,2024-09-22 22:14:21
Withdrawal Agent,7,98,507,2024-09-22 22:14:22
Withdrawal Agent,8,95,518,2024-09-22 22:14:22
Withdrawal Agent,0,92,524,2024-09-22 22:14:22
Depositor Agent,0,575,527,2024-09-22 22:14:22
Depositor Agent,3,561,532,2024-09-22 22:14:22
Withdrawal Agent,7,93,535,2024-09-22 22:14:22
Withdrawal Agent,7,94,541,2024-09-22 22:14:22
Withdrawal Agent,2,91,546,2024-09-22 22:14:22
Withdrawal Agent,3,99,552,2024-09-22 22:14:22
Withdrawal Agent,4,93,555,2024-09-22 22:14:22
Withdrawal Agent,7,99,559,2024-09-22 22:14:22
Depositor Agent,1,482,588,2024-09-22 22:14:23
Withdrawal Agent,0,96,610,2024-09-22 22:14:23
Depositor Agent,4,563,612,2024-09-22 22:14:23
Withdrawal Agent,5,97,626,2024-09-22 22:14:23
Withdrawal Agent,6,97,637,2024-09-22 22:14:23
Depositor Agent,0,471,638,2024-09-22 22:14:23
Withdrawal Agent,1,98,644,2024-09-22 22:14:23
Withdrawal Agent,9,92,652,2024-09-22 22:14:23
Depositor Agent,0,568,658,2024-09-22 22:14:23
Depositor Agent,1,528,663,2024-09-22 22:14:23
Withdrawal Agent,6,93,680,2024-09-22 22:14:24
Withdrawal Agent,5,95,683,2024-09-22 22:14:24
Depositor Agent,3,451,684,2024-09-22 22:14:24
Withdrawal Agent,5,94,707,2024-09-22 22:14:24
Depositor Agent,3,575,719,2024-09-22 22:14:24
Withdrawal Agent,4,96,732,2024-09-22 22:14:24
Withdrawal Agent,8,96,738,2024-09-22 22:14:24
Withdrawal Agent,0,94,740,2024-09-22 22:14:24
Depositor Agent,0,593,755,2024-09-22 22:14:24
Withdrawal Agent,2,92,770,2024-09-22 22:14:25
Depositor Agent,3,511,792,2024-09-22 22:14:25
Withdrawal Agent,4,98,800,2024-09-22 22:14:25
Depositor Agent,3,524,805,2024-09-22 22:14:25
Withdrawal Agent,9,96,810,2024-09-22 22:14:25
Depositor Agent,3,551,824,2024-09-22 22:14:25
Withdrawal Agent,8,92,829,2024-09-22 22:14:25
Withdrawal Agent,9,93,836,2024-09-22 22:14:25
Withdrawal Agent,2,99,859,2024-09-22 22:14:26
Depositor Agent,3,584,861,2024-09-22 22:14:26
Depositor Agent,1,524,868,2024-09-22 22:14:26
Depositor Agent,4,558,873,2024-09-22 22:14:26
Withdrawal Agent,1,91,890,2024-09-22 22:14:26
Withdrawal Agent,4,91,893,2024-09-22 22:14:26
Withdrawal Agent,9,94,917,2024-09-22 22:14:26
Depositor Agent,1,594,923,2024-09-22 22:14:26
Depositor Agent,4,561,930,2024-09-22 22:14:26
